Workbook

Sheet 1_주거비_요약
A1: 창원 숙소 소요비용 산출 — 창원두산위브더센트럴 102동 (단위: 만 원)
A2: ※ 조건: 보증금 5,000만 원 · 월세 150만 원 · 1세대(84㎡, 3-bedroom, 파견 2인 공동 거주 전제). 기간은 기존 엑셀과 동일(2026 2개월 / 2027 12개월).
B3: 시나리오 | C3: 실속안
A4: 구분 | B4: 산출 | C4: 2026 (11~12월, 2개월) | D4: 2027 (연간 12개월) | E4: 합계 (14개월) | F4: 비고
A5: ① 월세 + 보증금 기회비용 | B5: 월 150 × 개월 | C5: ='3_월고정비'!C9*2 | D5: ='3_월고정비'!C9*12 | E5: =C5+D5 | F5: 기존 엑셀 '주거비 지원'과 같은 범위
A6: ② 부대비용 (관리비·공과금·통신) | B6: 월 38.5 × 개월 (가정값) | C6: ='3_월고정비'!C10*2 | D6: ='3_월고정비'!C10*12 | E6: =C6+D6 | F6: 기존 엑셀에 없는 항목 — 가정값
A7: ③ 초기 일회성 (가구·커튼·가전·중개보수) | B7: C3 시나리오 적용 | C7: =IF($C$3="실속안",'2_일회성'!G31,'2_일회성'!H31) | D7: 0 | E7: =C7+D7 | F7: 2026 입주 시 1회 발생. 2027 재사용 전제
A8: 숙소 소요비용 합계 (①+②+③) | C8: =SUM(C5:C7) | D8: =SUM(D5:D7) | E8: =C8+D8
A9: (참고) 보증금 (환급 대상, 비용 아님) | B9: 계약 시 일시 지출 | C9: 5000 | F9: 현금 유출이지만 퇴거 시 환급 — 비용 합계에서 제외
A11: 시나리오별 일회성 비용
A12: 시나리오 | B12: 일회성 합계 | C12: 2026 총액 (①+②+③)
A13: 실속안 | B13: ='2_일회성'!G31 | C13: =C5+C6+B13
A14: 표준안 | B14: ='2_일회성'!H31 | C14: =C5+C6+B14

Sheet 2_일회성
A1: 초기 일회성 비용 (단위: 만 원)
A2: ※ 노란 셀 = 입력값. 포함 여부 Y/N으로 합계 반영 결정. 실속안/표준안 2개 시나리오.
A4: 구분 | B4: 품목 | C4: 규격·비고 | D4: 수량 | E4: 단가 실속안 | F4: 단가 표준안 | G4: 금액 실속안 | H4: 금액 표준안 | I4: 포함 (Y/N) | J4: 단가 근거
A5: 거실 | B5: 소파 | C5: 3인용 패브릭 | D5: 1 | E5: 50 | F5: 90 | G5: =D5*E5 | H5: =D5*F5 | I5: Y | J5: 가정값 — 견적 확인 필요
A6: 거실 | B6: 소파 테이블 | D6: 1 | E6: 10 | F6: 15 | G6: =D6*E6 | H6: =D6*F6 | I6: Y | J6: 가정값 — 견적 확인 필요
A7: 거실 | B7: TV 거실장 | C7: 1,800mm급 | D7: 1 | E7: 10 | F7: 25 | G7: =D7*E7 | H7: =D7*F7 | I7: Y | J7: 가정값 — 견적 확인 필요
A8: 거실 | B8: 식탁 세트 | C8: 4인용(의자 포함) | D8: 1 | E8: 25 | F8: 60 | G8: =D8*E8 | H8: =D8*F8 | I8: Y | J8: 가정값 — 견적 확인 필요
A9: 침실 | B9: 침대(프레임+매트리스) | C9: Q 사이즈 · 침실 2실 (파견 2인 기준) | D9: 2 | E9: 40 | F9: 90 | G9: =D9*E9 | H9: =D9*F9 | I9: Y | J9: 가정값 — 견적 확인 필요
A10: 침실 | B10: 옷장 / 시스템 행거 | C10: 침실 2실 | D10: 2 | E10: 15 | F10: 40 | G10: =D10*E10 | H10: =D10*F10 | I10: N | J10: 가정값 — 견적 확인 필요
A11: 침실 | B11: 책상 + 의자 | C11: 침실 2실 | D11: 2 | E11: 15 | F11: 30 | G11: =D11*E11 | H11: =D11*F11 | I11: Y | J11: 가정값 — 견적 확인 필요
A12: 침실 | B12: 침구 세트 | C12: 이불·베개·커버 | D12: 2 | E12: 8 | F12: 20 | G12: =D12*E12 | H12: =D12*F12 | I12: Y | J12: 가정값 — 견적 확인 필요
A13: 커튼 | B13: 커튼 (전체 창) | C13: 실속=기성품, 표준=맞춤 암막 나비주름+레일 / 34평 창 6개 기준 | D13: 1 | E13: 50 | F13: 104.5 | G13: =D13*E13 | H13: =D13*F13 | I13: Y | J13: glasswallet.com 커튼 맞춤제작 비용(2026) — 34평 맞춤 1,045,000원 / 기성품 317,800원
A14: 가전 | B14: 가스레인지 3구 | C14: LNG 확인 필요 · 빌트인 쿡탑 기설치 여부 확인 | D14: 1 | E14: 18.9 | F14: 25 | G14: =D14*E14 | H14: =D14*F14 | I14: Y | J14: 쿠팡 나비엔매직 3구 189,000원 · 코스트코 가스설치비 20,000원(2구 기준) (표준안 25는 가정)
A15: 가전 | B15: 가스레인지 설치비 | C15: 도시가스 연결 | D15: 1 | E15: 2 | F15: 2 | G15: =D15*E15 | H15: =D15*F15 | I15: Y | J15: 쿠팡 나비엔매직 3구 189,000원 · 코스트코 가스설치비 20,000원(2구 기준)
A16: 가전 | B16: 전기밥솥 | C16: 6인용 전기압력밥솥 | D16: 1 | E16: 15 | F16: 35 | G16: =D16*E16 | H16: =D16*F16 | I16: Y | J16: 가정값 — 견적 확인 필요
A17: 가전 | B17: TV | C17: 55인치 · 스탠드형 | D17: 1 | E17: 50 | F17: 100 | G17: =D17*E17 | H17: =D17*F17 | I17: Y | J17: 가정값 — 견적 확인 필요
A18: 가전 | B18: 냉장고 | C18: 일반형 2도어 500~600L급 | D18: 1 | E18: 70 | F18: 90.4 | G18: =D18*E18 | H18: =D18*F18 | I18: Y | J18: 실속: 위시버킷 LG 오브제 일반냉장고 70만 원('26.6 추적가, 모델 미특정) · 표준: SSG LG D604MPS52 612L 903,560원 — 옵션 포함 시 N
... A22: 선택 | B22: 주방·생활용품 | C22: 냄비·식기·청소기 등 — 필요 시 Y | D22: 1 | E22: 30 | F22: 60 | G22: =D22*E22 | H22: =D22*F22 | I22: Y | J22: 가정값 — 견적 확인 필요
A24: 구분 소계 (포함 항목만) | G24: 실속안 | H24: 표준안
A25: 거실 | G25: =SUMIFS(G$5:G$22,$A$5:$A$22,"거실",$I$5:$I$22,"Y") | H25: =SUMIFS(H$5:H$22,$A$5:$A$22,"거실",$I$5:$I$22,"Y")
A26: 침실 | G26: =SUMIFS(G$5:G$22,$A$5:$A$22,"침실",$I$5:$I$22,"Y") | H26: =SUMIFS(H$5:H$22,$A$5:$A$22,"침실",$I$5:$I$22,"Y")
A27: 커튼 | G27: =SUMIFS(G$5:G$22,$A$5:$A$22,"커튼",$I$5:$I$22,"Y") | H27: =SUMIFS(H$5:H$22,$A$5:$A$22,"커튼",$I$5:$I$22,"Y")
A28: 가전 | G28: =SUMIFS(G$5:G$22,$A$5:$A$22,"가전",$I$5:$I$22,"Y") | H28: =SUMIFS(H$5:H$22,$A$5:$A$22,"가전",$I$5:$I$22,"Y")
A29: 계약 | G29: =SUMIFS(G$5:G$22,$A$5:$A$22,"계약",$I$5:$I$22,"Y") | H29: =SUMIFS(H$5:H$22,$A$5:$A$22,"계약",$I$5:$I$22,"Y")
A30: 선택 | G30: =SUMIFS(G$5:G$22,$A$5:$A$22,"선택",$I$5:$I$22,"Y") | H30: =SUMIFS(H$5:H$22,$A$5:$A$22,"선택",$I$5:$I$22,"Y")
A31: 일회성 비용 합계 | G31: =SUM(G25:G30) | H31: =SUM(H25:H30)

Sheet 3_월고정비
A1: 월 고정비 (단위: 만 원/월)
A2: ※ 노란 셀 = 입력값. '기존 산출 범위' = 기존 파견운영비용 엑셀 '주거비 지원' 행에 포함된 항목(월세+보증금 기회비용).
A4: 항목 | B4: 산출 근거 | C4: 월 금액 | D4: 기존 산출 범위(Y/N) | E4: 근거·확인사항
A5: 월세 | B5: 150만 원 (확정) | C5: =150 | D5: Y | E5: 사용자 제시 조건
A6: 관리비 | B6: 84㎡ 공용관리비 등 | C6: 25 | D6: N | E6: 가정값 — 견적 확인 필요 — K-apt(공동주택관리정보시스템) 단지 조회로 확정
A7: 공과금 (전기·가스 사용분) | B7: 개별 사용량 | C7: 10 | D7: N | E7: 가정값 — 견적 확인 필요 — 동절기 난방비 증가
A8: 인터넷 + IPTV | B8: 1회선 | C8: 3.5 | D8: N | E8: 가정값 — 견적 확인 필요
A9: 월 고정비 — 기존 산출 범위 | C9: =SUMIFS(C5:C8,D5:D8,"Y")
A10: 월 고정비 — 부대비용 | C10: =SUMIFS(C5:C8,D5:D8,"N")
A11: 월 고정비 합계 | C11: =SUM(C5:C8)

Sheet 4_점검항목
A1: 확인 필요 사항
A2: ※ 가정값·미확정 사항. 확인 후 2_일회성 / 3_월고정비 노란 셀 수정 시 전체 자동 반영.
A4: No | B4: 항목 | C4: 내용 | D4: 확인처
A5: 1 | B5: 빌트인 쿡탑 | C5: 2021년 분양 신축 단지는 빌트인 쿡탑(가스/인덕션)이 기본 설치된 경우가 많음. 설치돼 있으면 가스레인지 구매 불필요 | D5: 임대인·중개사무소
A6: 2 | B6: 냉장고·세탁기 | C6: 일회성 비용에 반영 완료(가정 단가, 실속/표준). 임대 옵션으로 포함돼 있으면 '2_일회성' 포함 여부를 N으로 변경 | D6: 임대인·중개사무소
A7: 3 | B7: 관리비 | C7: 가정값 월 25만 원. 단지 실제 부과액으로 교체 | D7: K-apt 단지 조회 / 관리사무소
A8: 4 | B8: 평형·방 구성 | C8: 102동 84㎡ 타입 전제(블로그 자료상 102동 84A 매물 확인). 방 3개 중 2실 가구 배치 가정 | D8: 중개사무소
A9: 5 | B9: 중개보수 | C9: 상한요율 0.3% + VAT 기준 66만 원. 중개사가 간이과세자면 VAT 다름, 협의로 인하 가능 | D9: 중개사무소
A10: 6 | B10: 가구·가전 단가 | C10: 커튼·가스레인지 외 단가는 가정값. 다나와·네이버쇼핑 견적 또는 구매 담당 견적으로 교체 | D10: 구매 담당
A11: 7 | B11: PPT 일회성 비용과의 정합 | C11: 사업계획 PPT의 2026 일회성 비용은 0.05억(500만 원). 냉장고·세탁기 포함 시 숙소 초기 일회성만 실속안 약 562만 원, 표준안 약 1,041만 원 → 두 안 모두 단독으로 초과. PPT 반영 여부 결정 필요 | D11: 작성자
A13: 출처
B14: https://glasswallet.com/calculate/blind-curtain-cost/curtain-custom-cost
B15: https://www.coupang.com/vp/products/9652614779
B16: https://www.costco.co.kr/Appliances/Kitchen-Miscellaneous/Electric-RangesGas-Stoves/Rinnai-Free-Standing-Gas-Range-2-Burners/p/669939
B17: https://oursupporter.com/guide/agent-fee-guide
B18: https://mhb-blog.com/?p=3904 (102동 84A 매물 정보)
B19: https://news.mtn.co.kr/news-detail/2021121315423296292 (단지 개요)
